suiteId,caseId,family,suitePurpose,topologyKind,valid,directVerdict,directStatus,directTMeanMs,staticVerdict,staticStatus,staticMatch,staticTMeanMs,staticQ,staticSigma,staticR,staticSpeedup,dynamicVerdict,dynamicStatus,dynamicMatch,dynamicTMeanMs,dynamicQ,dynamicSigma,dynamicR,dynamicSpeedup,preprocess,property
"G1_clean_small","G1_00","G1","SANITY","SIMPLE_BUFFER","Yes","SAFE","PASS",725,"SAFE","PASS","YES",289,1,2,0,"2.51","SAFE","PASS","YES",268,1,2,0,"2.71","NONE","A[] Buf.count >= 0"
"G1_clean_small","G1_01","G1","SANITY","SIMPLE_BUFFER","No","UNSAFE","PASS",66,"UNSAFE","PASS","YES",527,2,2,1,"0.13","UNSAFE","PASS","YES",522,2,2,1,"0.13","NONE","A[] Buf.count >= 0"
"G1_clean_small","G1_02","G1","SANITY","SIMPLE_BUFFER","Yes","SAFE","PASS",67,"SAFE","PASS","YES",262,1,2,0,"0.26","SAFE","PASS","YES",275,1,2,0,"0.24","NONE","A[] Buf.count >= 0"
"G1_clean_small","G1_03","G1","SANITY","SIMPLE_BUFFER","No","UNSAFE","PASS",69,"UNSAFE","PASS","YES",541,2,2,1,"0.13","UNSAFE","PASS","YES",569,2,2,1,"0.12","NONE","A[] Buf.count >= 0"
"G1_clean_small","G1_04","G1","SANITY","SIMPLE_BUFFER","Yes","SAFE","PASS",70,"SAFE","PASS","YES",279,1,2,0,"0.25","SAFE","PASS","YES",274,1,2,0,"0.26","NONE","A[] Buf.count <= Buf.len"
"G1_clean_small","G1_05","G1","SANITY","SIMPLE_BUFFER","No","UNSAFE","PASS",67,"UNSAFE","PASS","YES",1110,3,2,2,"0.06","UNSAFE","PASS","YES",1097,3,2,2,"0.06","NONE","A[] Buf.count <= Buf.len"
"G1_clean_small","G1_06","G1","SANITY","SIMPLE_BUFFER","Yes","SAFE","PASS",70,"SAFE","PASS","YES",313,1,2,0,"0.22","SAFE","PASS","YES",268,1,2,0,"0.26","NONE","A[] Buf.count <= Buf.len"
"G1_clean_small","G1_07","G1","SANITY","SIMPLE_BUFFER","No","UNSAFE","PASS",67,"UNSAFE","PASS","YES",1161,3,2,2,"0.06","UNSAFE","PASS","YES",1129,3,2,2,"0.06","NONE","A[] Buf.count <= Buf.len"
"G1_clean_small","G1_08","G1","SANITY","SIMPLE_MUTEX","Yes","SAFE","PASS",68,"SAFE","PASS","YES",411,1,4,0,"0.17","SAFE","PASS","YES",399,1,4,0,"0.17","NONE","A[] Mutex.hold <= 1"
"G1_clean_small","G1_09","G1","SANITY","SIMPLE_MUTEX","No","UNSAFE","PASS",68,"UNSAFE","PASS","YES",1985,3,4,2,"0.03","UNSAFE","PASS","YES",2047,3,4,2,"0.03","NONE","A[] Mutex.hold <= 1"
"G1_clean_small","G1_10","G1","SANITY","SIMPLE_MUTEX","Yes","SAFE","PASS",73,"SAFE","PASS","YES",534,1,4,0,"0.14","SAFE","PASS","YES",525,1,4,0,"0.14","NONE","A[] Mutex.hold <= 1"
"G1_clean_small","G1_11","G1","SANITY","SIMPLE_MUTEX","No","UNSAFE","PASS",78,"UNSAFE","PASS","YES",2631,3,4,2,"0.03","UNSAFE","PASS","YES",2327,3,4,2,"0.03","NONE","A[] Mutex.hold <= 1"
"G2_clean_multi","G2_00","G2","SANITY","SIMPLE_BUFFER","Yes","SAFE","PASS",109,"SAFE","PASS","YES",309,1,2,0,"0.35","SAFE","PASS","YES",347,1,2,0,"0.31","NONE","A[] Buf.count >= 0"
"G2_clean_multi","G2_01","G2","SANITY","SIMPLE_BUFFER","No","UNSAFE","PASS",79,"UNSAFE","PASS","YES",644,2,2,1,"0.12","UNSAFE","PASS","YES",556,2,2,1,"0.14","NONE","A[] Buf.count >= 0"
"G2_clean_multi","G2_02","G2","SANITY","SIMPLE_BUFFER","Yes","SAFE","PASS",277,"SAFE","PASS","YES",265,1,2,0,"1.05","SAFE","PASS","YES",260,1,2,0,"1.07","NONE","A[] Buf.count >= 0"
"G2_clean_multi","G2_03","G2","SANITY","SIMPLE_BUFFER","No","UNSAFE","PASS",66,"UNSAFE","PASS","YES",585,2,2,1,"0.11","UNSAFE","PASS","YES",552,2,2,1,"0.12","NONE","A[] Buf.count >= 0"
"G2_clean_multi","G2_04","G2","SANITY","SIMPLE_BUFFER","Yes","SAFE","PASS",69,"SAFE","PASS","YES",280,1,2,0,"0.25","SAFE","PASS","YES",280,1,2,0,"0.25","NONE","A[] Buf.count <= Buf.len"
"G2_clean_multi","G2_05","G2","SANITY","SIMPLE_BUFFER","No","UNSAFE","PASS",72,"UNSAFE","PASS","YES",1864,4,2,2,"0.04","UNSAFE","PASS","YES",1957,4,2,2,"0.04","NONE","A[] Buf.count <= Buf.len"
"G2_clean_multi","G2_06","G2","SANITY","SIMPLE_BUFFER","Yes","SAFE","PASS",70,"SAFE","PASS","YES",266,1,2,0,"0.26","SAFE","PASS","YES",271,1,2,0,"0.26","NONE","A[] Buf.count <= Buf.len"
"G2_clean_multi","G2_07","G2","SANITY","SIMPLE_BUFFER","No","UNSAFE","PASS",68,"UNSAFE","PASS","YES",1838,4,2,2,"0.04","UNSAFE","PASS","YES",1864,4,2,2,"0.04","NONE","A[] Buf.count <= Buf.len"
"G2_clean_multi","G2_08","G2","SANITY","SIMPLE_MUTEX","Yes","SAFE","PASS",69,"SAFE","PASS","YES",690,1,8,0,"0.10","SAFE","PASS","YES",694,1,8,0,"0.10","NONE","A[] Mutex.hold <= 1"
"G2_clean_multi","G2_09","G2","SANITY","SIMPLE_MUTEX","No","UNSAFE","PASS",76,"UNSAFE","PASS","YES",3674,3,8,2,"0.02","UNSAFE","PASS","YES",3762,3,8,2,"0.02","NONE","A[] Mutex.hold <= 1"
"G2_clean_multi","G2_10","G2","SANITY","SIMPLE_MUTEX","Yes","SAFE","PASS",70,"SAFE","PASS","YES",733,1,8,0,"0.10","SAFE","PASS","YES",733,1,8,0,"0.10","NONE","A[] Mutex.hold <= 1"
"G2_clean_multi","G2_11","G2","SANITY","SIMPLE_MUTEX","No","UNSAFE","PASS",74,"UNSAFE","PASS","YES",3983,3,8,2,"0.02","UNSAFE","PASS","YES",3837,3,8,2,"0.02","NONE","A[] Mutex.hold <= 1"
"G3_split_required","G3_00","G3","SANITY","SPLIT_BUFFER","Yes","SAFE","PASS",69,"SAFE","PASS","YES",277,1,2,0,"0.25","SAFE","PASS","YES",278,1,2,0,"0.25","BIDIRECTIONAL_DOMAIN_SPLIT","A[] Buf.count >= 0"
"G3_split_required","G3_01","G3","SANITY","SPLIT_BUFFER","No","UNSAFE","PASS",70,"UNSAFE","PASS","YES",552,2,2,1,"0.13","UNSAFE","PASS","YES",547,2,2,1,"0.13","BIDIRECTIONAL_DOMAIN_SPLIT","A[] Buf.count >= 0"
"G3_split_required","G3_02","G3","SANITY","SPLIT_BUFFER","Yes","SAFE","PASS",69,"SAFE","PASS","YES",313,1,2,0,"0.22","SAFE","PASS","YES",282,1,2,0,"0.24","BIDIRECTIONAL_DOMAIN_SPLIT","A[] Buf.count >= 0"
"G3_split_required","G3_03","G3","SANITY","SPLIT_BUFFER","No","UNSAFE","PASS",70,"UNSAFE","PASS","YES",551,2,2,1,"0.13","UNSAFE","PASS","YES",559,2,2,1,"0.13","BIDIRECTIONAL_DOMAIN_SPLIT","A[] Buf.count >= 0"
"G3_split_required","G3_04","G3","SANITY","SPLIT_BUFFER","Yes","SAFE","PASS",73,"SAFE","PASS","YES",268,1,2,0,"0.27","SAFE","PASS","YES",276,1,2,0,"0.26","BIDIRECTIONAL_DOMAIN_SPLIT","A[] Buf.count >= 0"
"G3_split_required","G3_05","G3","SANITY","SPLIT_BUFFER","No","UNSAFE","PASS",69,"UNSAFE","PASS","YES",572,2,2,1,"0.12","UNSAFE","PASS","YES",555,2,2,1,"0.12","BIDIRECTIONAL_DOMAIN_SPLIT","A[] Buf.count >= 0"
"G3_split_required","G3_06","G3","SANITY","SPLIT_BUFFER","Yes","SAFE","PASS",82,"SAFE","PASS","YES",290,1,2,0,"0.28","SAFE","PASS","YES",280,1,2,0,"0.29","BIDIRECTIONAL_DOMAIN_SPLIT","A[] Buf.count <= Buf.len"
"G3_split_required","G3_07","G3","SANITY","SPLIT_BUFFER","No","UNSAFE","PASS",66,"UNSAFE","PASS","YES",1154,3,2,2,"0.06","UNSAFE","PASS","YES",1165,3,2,2,"0.06","BIDIRECTIONAL_DOMAIN_SPLIT","A[] Buf.count <= Buf.len"
"G3_split_required","G3_08","G3","SANITY","SPLIT_BUFFER","Yes","SAFE","PASS",97,"SAFE","PASS","YES",286,1,2,0,"0.34","SAFE","PASS","YES",282,1,2,0,"0.34","BIDIRECTIONAL_DOMAIN_SPLIT","A[] Buf.count <= Buf.len"
"G3_split_required","G3_09","G3","SANITY","SPLIT_BUFFER","No","UNSAFE","PASS",66,"UNSAFE","PASS","YES",1122,3,2,2,"0.06","UNSAFE","PASS","YES",1136,3,2,2,"0.06","BIDIRECTIONAL_DOMAIN_SPLIT","A[] Buf.count <= Buf.len"
"G3_split_required","G3_10","G3","SANITY","SPLIT_BUFFER","Yes","SAFE","PASS",68,"SAFE","PASS","YES",280,1,2,0,"0.24","SAFE","PASS","YES",305,1,2,0,"0.22","BIDIRECTIONAL_DOMAIN_SPLIT","A[] Buf.count <= Buf.len"
"G3_split_required","G3_11","G3","SANITY","SPLIT_BUFFER","No","UNSAFE","PASS",64,"UNSAFE","PASS","YES",1105,3,2,2,"0.06","UNSAFE","PASS","YES",1100,3,2,2,"0.06","BIDIRECTIONAL_DOMAIN_SPLIT","A[] Buf.count <= Buf.len"
